{"train/acc": 0.6704765945785875, "train/loss": 0.5826645603366493, "_timestamp": 1714259856.1859925, "val/acc": 0.6750325339282395, "test/acc": 0.6752966761028102, "_runtime": 473.6261885166168, "_step": 7, "_wandb": {"runtime": 475}}