{"_wandb": {"runtime": 10}, "train/acc": 0.5517430732059369, "train/loss": 0.6831681954800464, "_timestamp": 1714255661.6583295, "_runtime": 10.206520557403564, "_step": 2}