{"_wandb": {"runtime": 10}, "train/acc": 0.5428786595123788, "train/loss": 0.6872073396380618, "_timestamp": 1714255852.2353618, "_runtime": 10.191502809524536, "_step": 2}