{"_wandb": {"runtime": 42}, "train/acc": 0.5611958110293418, "train/loss": 0.67730029482088, "_timestamp": 1714260035.5879514, "val/acc": 0.6025018395879324, "test/acc": 0.5911020049758524, "_runtime": 25.89222550392151, "_step": 2}