{"train/acc": 0.8446923342433086, "train/loss": 0.3378305128067774, "_timestamp": 1714254178.6338685, "val/acc": 0.571656050955414, "test/acc": 0.5857678906459394, "_runtime": 339.036714553833, "_step": 51, "_wandb": {"runtime": 492}}