{"train/acc": 0.6796235154761747, "train/loss": 0.5709414904553037, "_timestamp": 1714261121.1852965, "val/acc": 0.6849600297453058, "test/acc": 0.6840329202677115, "_runtime": 669.5333435535431, "_step": 9, "_wandb": {"runtime": 682}}