{"train/acc": 0.6332172330477894, "train/loss": 0.6315916903014687, "_timestamp": 1714252133.5373743, "val/acc": 0.5289278131634819, "test/acc": 0.5615116590726347, "_runtime": 40.79748821258545, "_step": 6, "_wandb": {"runtime": 44}}