{"train/acc": 0.8967648812325458, "train/loss": 0.23506974366727984, "_timestamp": 1714257400.019754, "val/acc": 0.5918259023354565, "test/acc": 0.6097560975609756, "_runtime": 627.9348788261414, "_step": 83, "_wandb": {"runtime": 630}}